target,ids
1600000.0,1600000.0
2.0,1998817552.2956276
2.000000625000293,193576073.62267622
0.0,1467810369.0
0.0,1956915818.0
2.0,2002101855.0
4.0,2177059128.75
4.0,2329205794.0
